[
  {
    "id": "mkky1vo5isvy5yiigxe",
    "path": "/Users/farghost/GithubProjects/leo-obsidian-main",
    "name": "leo-obsidian-main",
    "isTemporary": false,
    "showInList": true,
    "createdAt": "2026-01-19T09:09:34.997Z",
    "updatedAt": "2026-01-19T09:09:34.997Z"
  },
  {
    "id": "mjz555z6fzn3jisfqhd",
    "path": "/Users/farghost/Library/Application Support/alma/artifacts/mjz555z6fzn3jisfqhd",
    "name": "Artifacts - New Chat",
    "isTemporary": false,
    "showInList": false,
    "createdAt": "2026-01-04T02:57:09.762Z",
    "updatedAt": "2026-01-04T02:57:09.762Z"
  },
  {
    "id": "mjz4ymoo9buko2gjvxq",
    "path": "/Users/farghost/Library/Application Support/alma/workspaces/temp-mjz4ymoo9buko2gjvxq",
    "name": "Temp Workspace",
    "isTemporary": true,
    "showInList": false,
    "createdAt": "2026-01-04T02:52:04.824Z",
    "updatedAt": "2026-01-04T02:52:04.824Z"
  },
  {
    "id": "mjz3b5cyr6p4zr75jfp",
    "path": "/Users/farghost/Library/Application Support/alma/workspaces/temp-mjz3b5cyr6p4zr75jfp",
    "name": "Temp Workspace",
    "isTemporary": true,
    "showInList": false,
    "createdAt": "2026-01-04T02:05:49.667Z",
    "updatedAt": "2026-01-04T02:05:49.667Z"
  },
  {
    "id": "mjsfs1j9s7oojnzx96n",
    "path": "/Users/farghost/Library/Application Support/alma/workspaces/temp-mjsfs1j9s7oojnzx96n",
    "name": "Temp Workspace",
    "isTemporary": true,
    "showInList": false,
    "createdAt": "2025-12-30T10:20:30.022Z",
    "updatedAt": "2025-12-30T10:20:30.022Z"
  },
  {
    "id": "mjscvxczxd18lmd7uf",
    "path": "/Users/farghost/Library/Application Support/alma/workspaces/temp-mjscvxczxd18lmd7uf",
    "name": "Temp Workspace",
    "isTemporary": true,
    "showInList": false,
    "createdAt": "2025-12-30T08:59:32.387Z",
    "updatedAt": "2025-12-30T08:59:32.387Z"
  },
  {
    "id": "mjs7g3uoctsxwq8olto",
    "path": "/Users/farghost/Library/Application Support/alma/workspaces/temp-mjs7g3uoctsxwq8olto",
    "name": "Temp Workspace",
    "isTemporary": true,
    "showInList": false,
    "createdAt": "2025-12-30T06:27:16.224Z",
    "updatedAt": "2025-12-30T06:27:16.224Z"
  },
  {
    "id": "mjs2h3f5ia584z7rgj",
    "path": "/Users/farghost/Library/Application Support/alma/workspaces/temp-mjs2h3f5ia584z7rgj",
    "name": "Temp Workspace",
    "isTemporary": true,
    "showInList": false,
    "createdAt": "2025-12-30T04:08:04.241Z",
    "updatedAt": "2025-12-30T04:08:04.241Z"
  },
  {
    "id": "mjs29uwc5jgd74ixinu",
    "path": "/Users/farghost/Library/Application Support/alma/workspaces/temp-mjs29uwc5jgd74ixinu",
    "name": "Temp Workspace",
    "isTemporary": true,
    "showInList": false,
    "createdAt": "2025-12-30T04:02:26.604Z",
    "updatedAt": "2025-12-30T04:02:26.604Z"
  },
  {
    "id": "mjs26zphxd1jmpgnf9",
    "path": "/Users/farghost/Library/Application Support/alma/workspaces/temp-mjs26zphxd1jmpgnf9",
    "name": "Temp Workspace",
    "isTemporary": true,
    "showInList": false,
    "createdAt": "2025-12-30T04:00:12.869Z",
    "updatedAt": "2025-12-30T04:00:12.869Z"
  },
  {
    "id": "mjrzxqz5xppfuh8c9bo",
    "path": "/Users/farghost/Library/Application Support/alma/workspaces/temp-mjrzxqz5xppfuh8c9bo",
    "name": "Temp Workspace",
    "isTemporary": true,
    "showInList": false,
    "createdAt": "2025-12-30T02:57:02.417Z",
    "updatedAt": "2025-12-30T02:57:02.417Z"
  },
  {
    "id": "mjry50xq0lsg1a7gpzs",
    "path": "/Users/farghost/Library/Application Support/alma/workspaces/temp-mjry50xq0lsg1a7gpzs",
    "name": "Temp Workspace",
    "isTemporary": true,
    "showInList": false,
    "createdAt": "2025-12-30T02:06:42.687Z",
    "updatedAt": "2025-12-30T02:06:42.687Z"
  },
  {
    "id": "mjqz1nbuo4zeqq3erv",
    "path": "/Users/farghost/Library/Application Support/alma/workspaces/temp-mjqz1nbuo4zeqq3erv",
    "name": "Temp Workspace",
    "isTemporary": true,
    "showInList": false,
    "createdAt": "2025-12-29T09:44:18.523Z",
    "updatedAt": "2025-12-29T09:44:18.523Z"
  },
  {
    "id": "mjqyr2o4fnp3bkbqqdb",
    "path": "/Users/farghost/Library/Application Support/alma/workspaces/temp-mjqyr2o4fnp3bkbqqdb",
    "name": "Temp Workspace",
    "isTemporary": true,
    "showInList": false,
    "createdAt": "2025-12-29T09:36:05.188Z",
    "updatedAt": "2025-12-29T09:36:05.188Z"
  },
  {
    "id": "mjqy347ytty1l4cpbh",
    "path": "/Users/farghost/Library/Application Support/alma/workspaces/temp-mjqy347ytty1l4cpbh",
    "name": "Temp Workspace",
    "isTemporary": true,
    "showInList": false,
    "createdAt": "2025-12-29T09:17:27.454Z",
    "updatedAt": "2025-12-29T09:17:27.454Z"
  },
  {
    "id": "mjqxlc61sqio3hmcvbb",
    "path": "/Users/farghost/Library/Application Support/alma/workspaces/temp-mjqxlc61sqio3hmcvbb",
    "name": "Temp Workspace",
    "isTemporary": true,
    "showInList": false,
    "createdAt": "2025-12-29T09:03:37.945Z",
    "updatedAt": "2025-12-29T09:03:37.945Z"
  },
  {
    "id": "mjqutcxusb81gohjmep",
    "path": "/Users/farghost/Library/Application Support/alma/workspaces/temp-mjqutcxusb81gohjmep",
    "name": "Temp Workspace",
    "isTemporary": true,
    "showInList": false,
    "createdAt": "2025-12-29T07:45:53.346Z",
    "updatedAt": "2025-12-29T07:45:53.346Z"
  },
  {
    "id": "mjmmwzxpuss6ehvjmt",
    "path": "/Users/farghost/Library/Application Support/alma/artifacts/mjmmwzxpuss6ehvjmt",
    "name": "Artifacts - New Chat",
    "isTemporary": false,
    "showInList": false,
    "createdAt": "2025-12-26T08:53:41.485Z",
    "updatedAt": "2025-12-26T08:53:41.485Z"
  },
  {
    "id": "mjmmwpeb80f4ra0ycv3",
    "path": "/Users/farghost/Library/Application Support/alma/workspaces/temp-mjmmwpeb80f4ra0ycv3",
    "name": "Temp Workspace",
    "isTemporary": true,
    "showInList": false,
    "createdAt": "2025-12-26T08:53:27.827Z",
    "updatedAt": "2025-12-26T08:53:27.827Z"
  },
  {
    "id": "mjmmtlxa4khqh1g12yf",
    "path": "/Users/farghost/Library/Application Support/alma/workspaces/temp-mjmmtlxa4khqh1g12yf",
    "name": "Temp Workspace",
    "isTemporary": true,
    "showInList": false,
    "createdAt": "2025-12-26T08:51:03.358Z",
    "updatedAt": "2025-12-26T08:51:03.358Z"
  },
  {
    "id": "mjmme8ej187vedd78a4",
    "path": "/Users/farghost/Library/Application Support/alma/artifacts/mjmme8ej187vedd78a4",
    "name": "Artifacts - 《夜宿山寺》",
    "isTemporary": false,
    "showInList": false,
    "createdAt": "2025-12-26T08:39:05.995Z",
    "updatedAt": "2025-12-26T08:39:05.995Z"
  },
  {
    "id": "mjmlci9laqzbcor9xze",
    "path": "/Users/farghost/Library/Application Support/alma/workspaces/temp-mjmlci9laqzbcor9xze",
    "name": "Temp Workspace",
    "isTemporary": true,
    "showInList": false,
    "createdAt": "2025-12-26T08:09:45.849Z",
    "updatedAt": "2025-12-26T08:09:45.849Z"
  },
  {
    "id": "mjmkxuoul2mutxb39la",
    "path": "/Users/farghost/Library/Application Support/alma/workspaces/temp-mjmkxuoul2mutxb39la",
    "name": "Temp Workspace",
    "isTemporary": true,
    "showInList": false,
    "createdAt": "2025-12-26T07:58:22.110Z",
    "updatedAt": "2025-12-26T07:58:22.110Z"
  },
  {
    "id": "mjmkj7088ab46gxe664",
    "path": "/Users/farghost/Library/Application Support/alma/workspaces/temp-mjmkj7088ab46gxe664",
    "name": "Temp Workspace",
    "isTemporary": true,
    "showInList": false,
    "createdAt": "2025-12-26T07:46:58.232Z",
    "updatedAt": "2025-12-26T07:46:58.232Z"
  },
  {
    "id": "mjmjbqzulw7orflanzl",
    "path": "/Users/farghost/Library/Application Support/alma/workspaces/temp-mjmjbqzulw7orflanzl",
    "name": "Temp Workspace",
    "isTemporary": true,
    "showInList": false,
    "createdAt": "2025-12-26T07:13:11.274Z",
    "updatedAt": "2025-12-26T07:13:11.274Z"
  },
  {
    "id": "mjmileydpgrkyduenjq",
    "path": "/Users/farghost/Library/Application Support/alma/workspaces/temp-mjmileydpgrkyduenjq",
    "name": "Temp Workspace",
    "isTemporary": true,
    "showInList": false,
    "createdAt": "2025-12-26T06:52:42.613Z",
    "updatedAt": "2025-12-26T06:52:42.613Z"
  },
  {
    "id": "mjmhs43z62jht4b4sus",
    "path": "/Users/farghost/Library/Application Support/alma/artifacts/mjmhs43z62jht4b4sus",
    "name": "Artifacts - New Chat",
    "isTemporary": false,
    "showInList": false,
    "createdAt": "2025-12-26T06:29:55.536Z",
    "updatedAt": "2025-12-26T06:29:55.536Z"
  },
  {
    "id": "mjmhrb9wtolsas824i",
    "path": "/Users/farghost/Library/Application Support/alma/workspaces/temp-mjmhrb9wtolsas824i",
    "name": "Temp Workspace",
    "isTemporary": true,
    "showInList": false,
    "createdAt": "2025-12-26T06:29:18.164Z",
    "updatedAt": "2025-12-26T06:29:18.164Z"
  },
  {
    "id": "mjmhneekaim05ty5udg",
    "path": "/Users/farghost/Library/Application Support/alma/workspaces/temp-mjmhneekaim05ty5udg",
    "name": "Temp Workspace",
    "isTemporary": true,
    "showInList": false,
    "createdAt": "2025-12-26T06:26:15.596Z",
    "updatedAt": "2025-12-26T06:26:15.596Z"
  },
  {
    "id": "mjmhl5lo3p8y9j4d0tk",
    "path": "/Users/farghost/Library/Application Support/alma/workspaces/temp-mjmhl5lo3p8y9j4d0tk",
    "name": "Temp Workspace",
    "isTemporary": true,
    "showInList": false,
    "createdAt": "2025-12-26T06:24:30.876Z",
    "updatedAt": "2025-12-26T06:24:30.876Z"
  },
  {
    "id": "mjjgzocknrt7pugguz",
    "path": "/Users/farghost/Library/Application Support/alma/workspaces/temp-mjjgzocknrt7pugguz",
    "name": "Temp Workspace",
    "isTemporary": true,
    "showInList": false,
    "createdAt": "2025-12-24T03:44:30.213Z",
    "updatedAt": "2025-12-24T03:44:30.213Z"
  },
  {
    "id": "mjjddx5ehlsuhkb5s0e",
    "path": "/Users/farghost/Library/Application Support/alma/artifacts/mjjddx5ehlsuhkb5s0e",
    "name": "Artifacts - New Chat",
    "isTemporary": false,
    "showInList": false,
    "createdAt": "2025-12-24T02:03:36.338Z",
    "updatedAt": "2025-12-24T02:03:36.338Z"
  },
  {
    "id": "mjjd9w8rrynifopcsx",
    "path": "/Users/farghost/Library/Application Support/alma/workspaces/temp-mjjd9w8rrynifopcsx",
    "name": "Temp Workspace",
    "isTemporary": true,
    "showInList": false,
    "createdAt": "2025-12-24T02:00:28.539Z",
    "updatedAt": "2025-12-24T02:00:28.539Z"
  },
  {
    "id": "mjgtgwhgq1ldgt9dh5",
    "path": "/Users/farghost/Library/Application Support/alma/workspaces/temp-mjgtgwhgq1ldgt9dh5",
    "name": "Temp Workspace",
    "isTemporary": true,
    "showInList": false,
    "createdAt": "2025-12-22T07:10:30.773Z",
    "updatedAt": "2025-12-22T07:10:30.773Z"
  },
  {
    "id": "mj70drl89uh2z1li7cs",
    "path": "/Users/farghost/Library/Application Support/alma/workspaces/default",
    "name": "Default",
    "isTemporary": false,
    "showInList": true,
    "createdAt": "2025-12-15T10:26:20.012Z",
    "updatedAt": "2025-12-26T08:06:40.613Z"
  }
]